this new pepsi is inevitablely going to be taken off the shelves in like 2 months but its fucking crazy its like a soda latte with beer foam,"RT @SuibianWielder: Xiao Zhan's Pepsi endorsement offline promotions at Walmart

#XiaoZhan #è‚–æˆ˜ #XiaoZhanxPepsi https://t.co/x1M7VktKBM",RT @heisrema: How do you eat your Pepsi &amp; Bread in this hot weather ? ğŸ¥µâ›…ï¸ @Pepsi_Naija https://t.co/cDTfugLldb,RT @heisrema: How do you eat your Pepsi &amp; Bread in this hot weather ? ğŸ¥µâ›…ï¸ @Pepsi_Naija https://t.co/cDTfugLldb,@PulseGhana Mahama no good Buh at least Na we dey enjoy pass now ..Rydee Pepsi saf be 2cedisğŸ˜‚ğŸ˜‚,Hi environmentalists! The well known un-green company Pepsi is partially responsible for HALF A MILLION tonnes of pâ€¦ https://t.co/nxB6nhzZ7c,@heisrema @Pepsi_Naija We need a comrade video for thisğŸ˜‚,"RT @SuibianWielder: Xiao Zhan's Pepsi endorsement offline promotions at Walmart

#XiaoZhan #è‚–æˆ˜ #XiaoZhanxPepsi https://t.co/x1M7VktKBM","RT @SuibianWielder: Xiao Zhan's Pepsi endorsement offline promotions at Walmart

#XiaoZhan #è‚–æˆ˜ #XiaoZhanxPepsi https://t.co/x1M7VktKBM",RT @huntero1874: Shaun Maloney canny ride the Pepsi max,@shayotijani @heisrema @Pepsi_Naija Babyâ¤â¤,"RT @hedinoona: DiDiâ€™s Diary shared new video of Dylan during his brand shoot with Pepsi. ğŸ’™

#dylanwang #wanghedi https://t.co/kgNNvhKkrh",@futo_friday at least itâ€™s not nitori pepsi,"Survive a global pandemic to be dished up a National Pepsi Max shortage.
There is no god","Xiao Zhan's Pepsi endorsement offline promotions at Walmart

#XiaoZhan #è‚–æˆ˜ #XiaoZhanxPepsi https://t.co/x1M7VktKBM",RT @heisrema: How do you eat your Pepsi &amp; Bread in this hot weather ? ğŸ¥µâ›…ï¸ @Pepsi_Naija https://t.co/cDTfugLldb,RT @heisrema: How do you eat your Pepsi &amp; Bread in this hot weather ? ğŸ¥µâ›…ï¸ @Pepsi_Naija https://t.co/cDTfugLldb,RT @heisrema: How do you eat your Pepsi &amp; Bread in this hot weather ? ğŸ¥µâ›…ï¸ @Pepsi_Naija https://t.co/cDTfugLldb,RT @hedinoona: Your exclusive summer is being delivered by the Pepsi Brand Ambassador #DylanWang ğŸ’™âœ¨ https://t.co/ptyS7ztA6p,RT @heisrema: How do you eat your Pepsi &amp; Bread in this hot weather ? ğŸ¥µâ›…ï¸ @Pepsi_Naija https://t.co/cDTfugLldb,"RT @RealCalvin1: Once you realize

Vanguard 
Blackrock
Blackstone
Coke
Pepsi
Amazon
Pretty much own the world right now. Everything startsâ€¦","RT @d_a_zeck: 1000s of sedentary, overweight people with multiple chronic diseases on nearly a dozen pharmaceutical products with a diet coâ€¦",RT @DavidVorick: Mark Zuckerburg is a billionaire because he has the ability to control whether your child prefers Coke or Pepsi.,"RT @Kannuhaa: Parvezâ€™s Insta story ğŸ¤£ğŸ¤£ğŸ¤£ğŸ¤£ğŸ¤£

Manu:  â€œ2 rupees ki Pepsi, #KaranKundrra literally sexyyyyâ€ ğŸ˜‚ğŸ˜‚ğŸ˜‚ğŸ¥°

Yeh kab ka video hai waise? Firâ€¦",RT @DavidVorick: Mark Zuckerburg is a billionaire because he has the ability to control whether your child prefers Coke or Pepsi.,Drinking that Pepsi was a bad idea.,"RT @d_a_zeck: 1000s of sedentary, overweight people with multiple chronic diseases on nearly a dozen pharmaceutical products with a diet coâ€¦",RT @heisrema: How do you eat your Pepsi &amp; Bread in this hot weather ? ğŸ¥µâ›…ï¸ @Pepsi_Naija https://t.co/cDTfugLldb,"RT @d_a_zeck: 1000s of sedentary, overweight people with multiple chronic diseases on nearly a dozen pharmaceutical products with a diet coâ€¦",RT @heisrema: How do you eat your Pepsi &amp; Bread in this hot weather ? ğŸ¥µâ›…ï¸ @Pepsi_Naija https://t.co/cDTfugLldb,RT @PepsiAaron: @VoltInuOfficial @ElonGoatToken Awesome acquisition for $VOLT and @ElonGoatToken letâ€™s grow this together! @VoltInuOfficialâ€¦,"RT @4_MisFortune_: Pick a song fromğŸ¥€TVXQ or ğŸŒŠSuper Junior

â€”edition only âœ¨pepsi fandom âœ¨ https://t.co/GQJO1iPeak","Here's some other stuff I was doing at a similar time. I was just starting with calligraphy, and I can tell it's frâ€¦ https://t.co/bj1ITJjt0E",RT @heisrema: How do you eat your Pepsi &amp; Bread in this hot weather ? ğŸ¥µâ›…ï¸ @Pepsi_Naija https://t.co/cDTfugLldb,RT @kyy_mercy: When Nicki Minaj said â€œi donâ€™t do coke little bitch i donâ€™t even do Pepsiâ€ i felt that bc i donâ€™t like Pepsi or coke ğŸ˜‚,RT @heisrema: How do you eat your Pepsi &amp; Bread in this hot weather ? ğŸ¥µâ›…ï¸ @Pepsi_Naija https://t.co/cDTfugLldb,"RT @Pepsi_SA: Itâ€™s not a long weekend without a classic lunch with the fam.

Whatâ€™s on your plate today other than a Pepsi? ğŸ˜ Tell us in thâ€¦",RT @heisrema: How do you eat your Pepsi &amp; Bread in this hot weather ? ğŸ¥µâ›…ï¸ @Pepsi_Naija https://t.co/cDTfugLldb,"@Pepsi_SA Chicken and Chips with a Pepsi
#FamilyDay
#TasteTheBold #FizzForever",Tired af but school! Hopefully this Pepsi will help,RT @heisrema: How do you eat your Pepsi &amp; Bread in this hot weather ? ğŸ¥µâ›…ï¸ @Pepsi_Naija https://t.co/cDTfugLldb,"RT @d_a_zeck: 1000s of sedentary, overweight people with multiple chronic diseases on nearly a dozen pharmaceutical products with a diet coâ€¦",RT @heisrema: How do you eat your Pepsi &amp; Bread in this hot weather ? ğŸ¥µâ›…ï¸ @Pepsi_Naija https://t.co/cDTfugLldb,"RT @d_a_zeck: 1000s of sedentary, overweight people with multiple chronic diseases on nearly a dozen pharmaceutical products with a diet coâ€¦",@MaciejNowicki12 @RussianEmbassy Hope your dad is safe,Ultra Cloud Argues With Gordon Freeman about a Large Bottle of Pepsi And Washes PaRappa The Rapper's Hands DX &amp; Knuâ€¦ https://t.co/Tr1cW9U05W,"@heisrema Try dey use the OPPO now 
Naso you hype Fanta after Pepsi give you endorsement ğŸ˜­","RT @TianTianZhanZh1: Pepsi Update
""Jianghan Road punch card #XiaoZhan cool country style. Bring this bottle of bamboo fragrance! Before Mayâ€¦","https://t.co/QedVNwV4xA https://t.co/AhKTPQT9tV The Best Skate Spots In Los Angeles âŠ: What is the most iconic, legâ€¦ https://t.co/N724ckNggw","â€œall our water went bad. Typhus. All we had was beerâ€”Pepsi was all gone, Lucozade was all gone, iodine tablets goneâ€¦ https://t.co/NQucHdw3oU",@Pepsi_goat @333ngelss pleure,@nihrfarfalla i got fooled with a pepsi max one,@Pepsi_goat @333ngelss suce,@333ngelss reel,@GiuRobs @DarkViperAU Pepsi max is better,RT @ManLikeAkoh: Burna boy will some day perform at the Pepsi NFL main bowl show.,RT @heisrema: How do you eat your Pepsi &amp; Bread in this hot weather ? ğŸ¥µâ›…ï¸ @Pepsi_Naija https://t.co/cDTfugLldb,@Someunknownname True i didn't see Pepsi &amp; Shirlie listed on the front cover ğŸ˜€,"RT @PitcherCheer: No thoughts, just Tigry

#piggyroblox #PiggyFanart https://t.co/vY1OWygijo","RT @TMclaughlin3: According to a post on FB by his son, Myanmar businessman ""Pepsi"" Thein Tun, has died. His companies are varied - Carlsbeâ€¦",RT @BloomMoonbeam: The object of my obsession https://t.co/LtcbTNHFC6,RT @ManLikeAkoh: Burna boy will some day perform at the Pepsi NFL main bowl show.,RT @DavidVorick: Mark Zuckerburg is a billionaire because he has the ability to control whether your child prefers Coke or Pepsi.,@CatchupGladon dommage,RT @lpsooc: The art community has 3 jokes they will repeat over and over again drawn slightly differently and every time it gets at least 1â€¦,"RT @ThatGirlTinuke: Chrisland schoo said the kids played truth or dare.
That means there was a dare. It's true a 10 year old can't give conâ€¦",@talktalkmoe RC Cola was my favorite but... Also used to like Pepsi until I had Scarlet Fever. The only thing I couâ€¦ https://t.co/0bc6G57O8l,@amauriz_ @ToujoursCookie @Pepsi_goat culot,@theglowstitches Thank God its not Pepsi Orobo...,RT @ManLikeAkoh: Burna boy will some day perform at the Pepsi NFL main bowl show.,"RT @NFTLittleGhost: First 1000 to RT + follow will get FREEMINTLIST.
To Enter: 
 â€¢Follow + Rt âœ…
 â€¢Tag 3 Friends âœ…

#Nfts #NFTCommunity #nftâ€¦",RT @heisrema: How do you eat your Pepsi &amp; Bread in this hot weather ? ğŸ¥µâ›…ï¸ @Pepsi_Naija https://t.co/cDTfugLldb,"RT @zach_london: â€œDietâ€

So go on a Mediterranean Diet ğŸ«’
A diet to help prevent Stroke ğŸ§ 
So go on a Mediterranean Diet ğŸ·
This diet includesâ€¦",@heisrema @Pepsi_Naija Na correct food for site in d afternoon,"RT @Kannuhaa: Parvezâ€™s Insta story ğŸ¤£ğŸ¤£ğŸ¤£ğŸ¤£ğŸ¤£

Manu:  â€œ2 rupees ki Pepsi, #KaranKundrra literally sexyyyyâ€ ğŸ˜‚ğŸ˜‚ğŸ˜‚ğŸ¥°

Yeh kab ka video hai waise? Firâ€¦","RT @d_a_zeck: 1000s of sedentary, overweight people with multiple chronic diseases on nearly a dozen pharmaceutical products with a diet coâ€¦","For The Newgrounds Pepsi Collab. Will Pepsiman fit in with the other combatants in The Dojo? I'm sure he ""can"".â€¦ https://t.co/2gOzM9EtN3",@Nyu0w0 EG(T)DJ,RT @heisrema: How do you eat your Pepsi &amp; Bread in this hot weather ? ğŸ¥µâ›…ï¸ @Pepsi_Naija https://t.co/cDTfugLldb,@hydaero my pussy taste like pepsi cola,"RT @TianTianZhanZh1: Pepsi Update
""Jianghan Road punch card #XiaoZhan cool country style. Bring this bottle of bamboo fragrance! Before Mayâ€¦",@TwittosNewgate @ToujoursCookie @Pepsi_goat goat,@ESPNFC Can you post about your pepsi EIBERMAN oh sorry sorty UBERMANğŸ˜‚ğŸ˜‚ how many goals and hattrick he score after 30 ğŸ¤£ğŸ¤£ğŸ¤£ğŸ¤£ğŸ¤£ğŸ¤£ğŸ¤£ğŸ¤£ğŸ¤£ğŸ¤£,"@riya208282 @Fef_Do_Pepsi @AllCBSENews @TOIIndiaNews Yes, and I am M.S Dhoni. No teacher would use short forms while typing a tweet",@itziykedave @bod_republic Baba cold Pepsi because e go too pain me oğŸ˜¢,@MSM_expose Thats why today even every one knows what pepsi or coke is they spend huge amounts in advertising it again and again,RT @tarastrong: Anyone else tried this ridiculous deliciousness?! Thank you @pepsi â¤ï¸ğŸ’™ https://t.co/6Tjx3hLSQR,@Dabeera3 @Oau_Bossmann But I'm high on blood sugar so I don't do cold Pepsi,RT @Dhavidote: @KingOpeOfAbj 395k cause I go use 5k buy suya and Cold pepsi,RT @heisrema: How do you eat your Pepsi &amp; Bread in this hot weather ? ğŸ¥µâ›…ï¸ @Pepsi_Naija https://t.co/cDTfugLldb,@heisrema @Pepsi_Naija The Pepsi no cold,RT @heisrema: How do you eat your Pepsi &amp; Bread in this hot weather ? ğŸ¥µâ›…ï¸ @Pepsi_Naija https://t.co/cDTfugLldb,@Seriously_yhyh @kaykennwiz @_AsiwajuLerry @heisrema @Pepsi_Naija Confirm ğŸ˜¹ the one that copied is real OG,RT @Dhavidote: @KingOpeOfAbj 395k cause I go use 5k buy suya and Cold pepsi,@amauriz_ @Pepsi_goat suce le pepsi,"RT @DrOlufunmilayo: If you have a child, a sibling or a loved one in Chrisland Schools and Dowen College- please always closely monitor thoâ€¦",Pepsi is the Bee's Knees,@Itzpelumibaby_ @heisrema @Pepsi_Naija Who no dey squeeze am like that??,RT @Brightowete: Burna boy will some day perform at the Pepsi NFL main bowl showğŸ™ğŸ™ğŸ™,"RT @ckyunstd: pls minhyuk said the logo of â€œkorean airâ€ was the pepsi one (since they look alike), so they blurred him lmaoo https://t.co/iâ€¦",RT @DavidVorick: Mark Zuckerburg is a billionaire because he has the ability to control whether your child prefers Coke or Pepsi.,"RT @TianTianZhanZh1: Pepsi Update
""Jianghan Road punch card #XiaoZhan cool country style. Bring this bottle of bamboo fragrance! Before Mayâ€¦",There was no pepsi max so I had to get the cherry version ğŸ¤¢ğŸ¤¢ğŸ¤¢,@Pepsi_goat cancer,"RT @seyimoney001: Me as a drug dealer : 

We donâ€™t have coke..do you want Pepsi ? https://t.co/rei53br8C4",RT @heisrema: How do you eat your Pepsi &amp; Bread in this hot weather ? ğŸ¥µâ›…ï¸ @Pepsi_Naija https://t.co/cDTfugLldb,"RT @TianTianZhanZh1: Pepsi Update
""Jianghan Road punch card #XiaoZhan cool country style. Bring this bottle of bamboo fragrance! Before Mayâ€¦","@Dabeera3 @Oau_Bossmann Don't answer him ooo.... Like me now, I like cold Pepsi ğŸ™„",@Itz_Pepsi_ @kadiranotes @dna correct numbers,RT @heisrema: How do you eat your Pepsi &amp; Bread in this hot weather ? ğŸ¥µâ›…ï¸ @Pepsi_Naija https://t.co/cDTfugLldb,"@pepsi_bless @RussianEmbassy Yes, we hunt for idiots. Don't come here.",Hiya eco-friendlies! Your number one un-green company Pepsi is partially responsible for HALF A MILLION tonnes of pâ€¦ https://t.co/VdMdjbAGvq,"@kaykennwiz @omooba_okin @_AsiwajuLerry @heisrema @Pepsi_Naija One person copied,them no fit talk the same thing,word for wordğŸ˜‚ğŸ˜‚",RT @heisrema: How do you eat your Pepsi &amp; Bread in this hot weather ? ğŸ¥µâ›…ï¸ @Pepsi_Naija https://t.co/cDTfugLldb,yes I'm Nagito and yes I drink Pepsi we exist,RT @sambakjaa: minhyuk mistaking korean air's logo for pepsi and inssa oppa blurring his face when pepsi logo was shown (bc minhyuk alwaysâ€¦,@Pepsi_goat pleure,"@codyghosthost Pepsi has much more cola flavour. Coke is fizzier and blander tasting. Also, Pepsi is bottled in myâ€¦ https://t.co/mcdLgEK712",RT @heisrema: How do you eat your Pepsi &amp; Bread in this hot weather ? ğŸ¥µâ›…ï¸ @Pepsi_Naija https://t.co/cDTfugLldb,RT @heisrema: How do you eat your Pepsi &amp; Bread in this hot weather ? ğŸ¥µâ›…ï¸ @Pepsi_Naija https://t.co/cDTfugLldb,"@heisrema @Pepsi_Naija Nawa oo,if na me take that one sip,the Pepsi for don reach halfğŸ˜­ğŸ˜‚...it's the way he threw the cover for meğŸ˜‚ğŸ˜‚","@pepsi 3 things:

1. Bring back PineappleğŸ Pepsi!
2. Send me a sample of your Maple Syrup flavor like you did 2â€¦ https://t.co/T2RNgVgfqc",@tarastrong @pepsi Uh no I haven't tried it yet but it looks good and maybe I will try some day thank you Tara forâ€¦ https://t.co/pfwkFjdAgH,"RT @hillsfmkabale: AWESOME KAZANA ğŸ¥°
What Are You Cooking For Today's Lunch ğŸ˜‹
Happy Easter Monday Family â¤ï¸
We Are Powered By Fortune Buttoâ€¦",@heisrema @Pepsi_Naija See as baba squeeze breadğŸ˜…ğŸ˜…,@Pepsi_goat Hein,"RT @d_a_zeck: 1000s of sedentary, overweight people with multiple chronic diseases on nearly a dozen pharmaceutical products with a diet coâ€¦","RT @d_a_zeck: 1000s of sedentary, overweight people with multiple chronic diseases on nearly a dozen pharmaceutical products with a diet coâ€¦","HOLY SHIT NITRO PEPSI IS ACTUALLY GOOD
Like it's pepsi without the carbonation but carbonated drinks are really tough for me to drink",RT @heisrema: How do you eat your Pepsi &amp; Bread in this hot weather ? ğŸ¥µâ›…ï¸ @Pepsi_Naija https://t.co/cDTfugLldb,RT @tarastrong: Anyone else tried this ridiculous deliciousness?! Thank you @pepsi â¤ï¸ğŸ’™ https://t.co/6Tjx3hLSQR,"RT @SreedharAdabala: NRI Canada ğŸ‡¨ğŸ‡¦ @JanaSenaParty Meet* happened yesterday.  ğŸ¤April 16th, SaturdayâœŠ

ğŸ‘‰ Good intro with each other
ğŸ‘‰ Strategâ€¦",RT @ManLikeAkoh: Burna boy will some day perform at the Pepsi NFL main bowl show.,RT @TNPKTrends: #KGF2 Fame Actor Mr.Balakrishna who played Inayat Khalil on #HariHaraVeeraMallu and has played a role of a Minister in #HHVâ€¦,RT @heisrema: How do you eat your Pepsi &amp; Bread in this hot weather ? ğŸ¥µâ›…ï¸ @Pepsi_Naija https://t.co/cDTfugLldb,"@MaciejNowicki12 @RussianEmbassy Good morning, how itâ€™s going in Poland? Still doing pogroms?",RT @UttarandhraNow: â‚¹1250cr go unaccounted in #Hindu temples across state. #UANow #YCP https://t.co/A86UekhrXI,"RT @TianTianZhanZh1: Pepsi Update
""Jianghan Road punch card #XiaoZhan cool country style. Bring this bottle of bamboo fragrance! Before Mayâ€¦","RT @Pepsi_SA: Itâ€™s not a long weekend without a classic lunch with the fam.

Whatâ€™s on your plate today other than a Pepsi? ğŸ˜ Tell us in thâ€¦","@Sharman2Pam @RussianEmbassy Yeah, ghost of Kiev alone destroyed 7 submarines today, Ukraine warriors are close to Vladivostok nowâ€¦","#Pepsi update with a lucky draw for a box of pepsi
- bring this can of bamboo fragrance ...post picture...
ğŸ¥º NO bamâ€¦ https://t.co/TxdH6CCmMh",@DhruvUTD @UTDxGoat Warra 5th UCL for Pepsi ğŸ¤¡,@Freebyrd316 @HeManIsMyHero @stradlemonkey @MOTUdrawing @BrokenBridgeGXB @Mark_Lapping @Sinjun45 @CaptainBacon61â€¦ https://t.co/bLGwYmWxiO,RT @useful_youth_ug: I have done many stupid things in my life but I've neva donated my blood for Pepsi and biscuits ğŸ¤£ğŸ™…â€â™€ï¸ğŸ™…â€â™€ï¸ğŸ™†â€â™‚ï¸ https://â€¦,"@backontheplanet @RussianEmbassy Good morning, Mariupol! How itâ€™s going?","RT @MSUSpartanChili: https://t.co/1DngNL078d https://t.co/89yWh8TjCI Big Ten Championship - Iowa vs. Michigan | Big Ten Football | Dec. 4,â€¦","@s_shreyatweets CEO of 
Google
Microsoft
Adobe
Twitter
Pepsi 
IBM
Albertsons
Micron 
Netapp
Nokia
Palo Alto 
Aristaâ€¦ https://t.co/o3ObFZxjio",@heisrema Bread and Pepsi don tire you ğŸ˜‚,@heisrema Bring your tuition fees make we use am drink cold Pepsi and bread... Problem no dey finish ğŸ˜‚,@KaylaBe37300066  I don't know ur problem is  but It seems u all wwe announcers an wwe stars. Act like u shit don'tâ€¦ https://t.co/htX90q5tG6,"RT @d_a_zeck: 1000s of sedentary, overweight people with multiple chronic diseases on nearly a dozen pharmaceutical products with a diet coâ€¦","""Needing a really large burp"" twice, and ""that piece of Billy Bear tasted a bit off, maybe it was poisoned, I shallâ€¦ https://t.co/jPxrr7EpL6",@tarastrong @pepsi And just like that every single one of taras ex's woke up to a drop in egoğŸ˜‚ğŸ˜‚ğŸ˜‚ https://t.co/uOdbqChKqm,RT @DavidVorick: Mark Zuckerburg is a billionaire because he has the ability to control whether your child prefers Coke or Pepsi.,"Why do MNCs like Pepsi focus on creating content ecosystems?

You can see it everywhere, from computer screens to hâ€¦ https://t.co/oiELK3SadX",@tarastrong @pepsi I NEED IT!ğŸ¤¯ğŸ¤¯ğŸ¤¯ https://t.co/1sys5xCIij,"@heisrema @Pepsi_Naija Bro, u get doings",@gemerick0 @hedgedawgdied @WWackyTime Says the pepsi fan,RT @ManLikeAkoh: Burna boy will some day perform at the Pepsi NFL main bowl show.,RT @heisrema: How do you eat your Pepsi &amp; Bread in this hot weather ? ğŸ¥µâ›…ï¸ @Pepsi_Naija https://t.co/cDTfugLldb,"RT @AskAnshul: Just now: Delhi Police team attacked with stones in Jahangirpuri.

Police went to arrest another rioter identified as Mohammâ€¦",@heisrema @Pepsi_Naija Are you there?,RT @brightleadcoach: @LisaFathersBF @AdrianBethune @sphoenix78 @ottleyoconnor @Emma_Turner75 @chrisdysonHT @RaeSnape @rachredBF @Ant_Judgeâ€¦,"@pepsi Why bring Toobs back if you were going to change the FLAVOUR?! 

Itâ€™s nothing like it used to be. 

Boooooooâ€¦ https://t.co/1uqBbaUEu8","RT @RealCalvin1: Once you realize

Vanguard 
Blackrock
Blackstone
Coke
Pepsi
Amazon
Pretty much own the world right now. Everything startsâ€¦","RT @d_a_zeck: 1000s of sedentary, overweight people with multiple chronic diseases on nearly a dozen pharmaceutical products with a diet coâ€¦",diet pepsi... my love. &lt;3,@KingOpeOfAbj 395k cause I go use 5k buy suya and Cold pepsi,"THE EXPANDING EARTH (@expdearth) : Roland Jones / HEAT, My Pet Flamingo (@MyPetFlamingoUK) :  Luxury Elite &amp; Saintâ€¦ https://t.co/9x1uExm9yl",RT @DavidVorick: Mark Zuckerburg is a billionaire because he has the ability to control whether your child prefers Coke or Pepsi.,"Jack Manifold killed my entire family, burnt down my school, and gave me Pepsi when I asked for coke","@pepsi Relentlessly pursuing poor farmers for growing the same gmo potatoes you use, or snatching up sources of watâ€¦ https://t.co/jZtYjQa3xX",RT @ManLikeAkoh: Burna boy will some day perform at the Pepsi NFL main bowl show.,"This and Pepsi Max is 2 for 1 at the convenience store rn, living my best lifeâœ¨ https://t.co/vpwnH9pOCt",@fancy_4n6 @wan0net Oh wow! Another former Yum Restaurants/Pepsi Co compatriot. It's been.... 17 years since I lastâ€¦ https://t.co/yDeCI2eEUX,"RT @LostSchemes: Geoff Bodine was scheduled to run this special Patriotic Phillips scheme at the 1998 Pepsi 400, the first night-time Daytoâ€¦",Places that have to ask â€œis #pepsi okay?â€ Everyone they make a sale should just switch to selling #cocacola,RT @heisrema: How do you eat your Pepsi &amp; Bread in this hot weather ? ğŸ¥µâ›…ï¸ @Pepsi_Naija https://t.co/cDTfugLldb,"RT @Kannuhaa: Parvezâ€™s Insta story ğŸ¤£ğŸ¤£ğŸ¤£ğŸ¤£ğŸ¤£

Manu:  â€œ2 rupees ki Pepsi, #KaranKundrra literally sexyyyyâ€ ğŸ˜‚ğŸ˜‚ğŸ˜‚ğŸ¥°

Yeh kab ka video hai waise? Firâ€¦",RT @heisrema: How do you eat your Pepsi &amp; Bread in this hot weather ? ğŸ¥µâ›…ï¸ @Pepsi_Naija https://t.co/cDTfugLldb,@heisrema @Pepsi_Naija ğŸ˜€ğŸ˜€ğŸ˜€sure bro,RT @DavidVorick: Mark Zuckerburg is a billionaire because he has the ability to control whether your child prefers Coke or Pepsi.,"RT @TianTianZhanZh1: Pepsi Update
""Jianghan Road punch card #XiaoZhan cool country style. Bring this bottle of bamboo fragrance! Before Mayâ€¦","@Pepsi, you've pledged to reduce calories from added sugars in your drinks by 2025. So why promote a sickeningly swâ€¦ https://t.co/hVDBDKNvHO",RT @sambakjaa: minhyuk mistaking korean air's logo for pepsi and inssa oppa blurring his face when pepsi logo was shown (bc minhyuk alwaysâ€¦,@itziykedave @bod_republic Very cold pepsi,https://t.co/QedVNwV4xA https://t.co/AhKTPQT9tV Fashion Institute of Technology Master in Art Market Studies - Dayâ€¦ https://t.co/ySZ9r9K8OY,"https://t.co/QedVNwV4xA https://t.co/AhKTPQT9tV Art Student in New York City | Sean Go Art, Day in Life Art Studentâ€¦ https://t.co/VNUl21Z1kM","RT @hillsfmkabale: AWESOME KAZANA ğŸ¥°
What Are You Cooking For Today's Lunch ğŸ˜‹
Happy Easter Monday Family â¤ï¸
We Are Powered By Fortune Buttoâ€¦",@heisrema @Pepsi_Naija Oo myğŸ¤”â˜¹ï¸ğŸ™ˆâ¤ï¸â€ğŸ©¹,RT @heisrema: How do you eat your Pepsi &amp; Bread in this hot weather ? ğŸ¥µâ›…ï¸ @Pepsi_Naija https://t.co/cDTfugLldb,RT @heisrema: How do you eat your Pepsi &amp; Bread in this hot weather ? ğŸ¥µâ›…ï¸ @Pepsi_Naija https://t.co/cDTfugLldb,"RT @RealCalvin1: Once you realize

Vanguard 
Blackrock
Blackstone
Coke
Pepsi
Amazon
Pretty much own the world right now. Everything startsâ€¦",RT @heisrema: How do you eat your Pepsi &amp; Bread in this hot weather ? ğŸ¥µâ›…ï¸ @Pepsi_Naija https://t.co/cDTfugLldb,"The same way people stopped using Nestle, Coke &amp; Pepsi ğŸ¤­ https://t.co/79NKB84LWA","RT @seyimoney001: Me as a drug dealer : 

We donâ€™t have coke..do you want Pepsi ? https://t.co/rei53br8C4","AWESOME KAZANA ğŸ¥°
What Are You Cooking For Today's Lunch ğŸ˜‹
Happy Easter Monday Family â¤ï¸
We Are Powered By Fortune Bâ€¦ https://t.co/ItbLHKtGjj","RT @TianTianZhanZh1: Pepsi Update
""Jianghan Road punch card #XiaoZhan cool country style. Bring this bottle of bamboo fragrance! Before Mayâ€¦","Hello! I'm here to support my big brother Zhan Zhan endorsing Pepsi! #XiaoZhan 

cr. Hello_æˆ‘æ˜¯å€©å€© #XiaoZhanè‚–æˆ˜â€¦ https://t.co/05c6iFz55P",RT @heisrema: How do you eat your Pepsi &amp; Bread in this hot weather ? ğŸ¥µâ›…ï¸ @Pepsi_Naija https://t.co/cDTfugLldb
